{"cameraMode":{"drawMode":0,"name":"Shaded","section":"Shading Mode"},"sceneLighting":true,"audioPlay":false,"sceneViewState":{"m_AlwaysRefresh":false,"showFog":true,"showSkybox":true,"showFlares":true,"showImageEffects":true,"showParticleSystems":true,"showVisualEffectGraphs":true,"m_FxEnabled":true},"in2DMode":false,"pivot":{"x":365.1154479980469,"y":3.6337857246398927,"z":8.952821731567383},"rotation":{"x":0.039301060140132907,"y":0.002732794499024749,"z":-0.00019123822858091444,"w":0.9992492198944092},"size":6.157761573791504,"orthographic":false}