{"cameraMode":{"drawMode":0,"name":"Shaded","section":"Shading Mode"},"sceneLighting":true,"audioPlay":false,"sceneViewState":{"m_AlwaysRefresh":false,"showFog":true,"showSkybox":true,"showFlares":true,"showImageEffects":true,"showParticleSystems":true,"showVisualEffectGraphs":true,"m_FxEnabled":true},"in2DMode":false,"pivot":{"x":462.0074462890625,"y":124.33670043945313,"z":91.24410247802735},"rotation":{"x":0.13128040730953217,"y":0.7820548415184021,"z":-0.17603063583374024,"w":0.5832405090332031},"size":12.669185638427735,"orthographic":false}