{"cameraMode":{"drawMode":0,"name":"Shaded","section":"Shading Mode"},"sceneLighting":false,"audioPlay":false,"sceneViewState":{"m_AlwaysRefresh":false,"showFog":true,"showSkybox":false,"showFlares":true,"showImageEffects":true,"showParticleSystems":true,"showVisualEffectGraphs":true,"m_FxEnabled":true},"in2DMode":false,"pivot":{"x":0.15496182441711427,"y":-5.585005760192871,"z":-0.29079270362854006},"rotation":{"x":-0.1773977279663086,"y":-0.28279581665992739,"z":0.05330570042133331,"w":-0.9411249160766602},"size":9.573343276977539,"orthographic":false}